"ML1","ML2","Variable"
0.945122116778276,0.0135169934391003,"Murder"
0.844085375600167,0.30402904660894,"Assault"
0.063974947294021,0.673854662139254,"UrbanPop"
0.588371264066348,0.554570876771039,"Rape"
